key,value
/toimg/data/0117530724.png,棍
/toimg/data/0355171744.png,地
/toimg/data/0528649589.png,臀
/toimg/data/0665756424.png,胸
/toimg/data/0665889261.png,蛋
/toimg/data/0689040939.png,炸
/toimg/data/0744208851.png,一
/toimg/data/0747467933.png,蜜
/toimg/data/0832215510.png,合
/toimg/data/0835270647.png,八
/toimg/data/0872283620.png,泽
/toimg/data/0902364778.png,十
/toimg/data/0902772900.png,春
/toimg/data/0951783242.png,露
/toimg/data/0983658750.png,香
/toimg/data/0990372354.png,淫
/toimg/data/1020382214.png,三
/toimg/data/1167260777.png,腿
/toimg/data/1605992686.png,件
/toimg/data/1689714497.png,吟
/toimg/data/1790668606.png,高
/toimg/data/2038870549.png,爱
/toimg/data/2113285564.png,死
/toimg/data/2211806946.png,人
/toimg/data/2222207117.png,嫩
/toimg/data/2444390640.png,弟
/toimg/data/2546160883.png,上
/toimg/data/2857703127.png,法
/toimg/data/2876804651.png,顶
/toimg/data/2885608989.png,中
/toimg/data/2886155750.png,棒
/toimg/data/2953530793.png,花
/toimg/data/3187883344.png,园
/toimg/data/3269935019.png,光
/toimg/data/3511096181.png,摇
/toimg/data/3561353475.png,眼
/toimg/data/3573763138.png,最
/toimg/data/3609388116.png,乱
/toimg/data/3691658535.png,做
/toimg/data/3697158622.png,主
/toimg/data/3750225803.png,交
/toimg/data/3835404789.png,大
/toimg/data/3887706975.png,温
/toimg/data/4072862874.png,吞
/toimg/data/4208731327.png,未
/toimg/data/4247282819.png,潮
/toimg/data/4323477214.png,发
/toimg/data/4973271227.png,呻
/toimg/data/5034321418.png,流
/toimg/data/5091848517.png,幼
/toimg/data/5219037129.png,搞
/toimg/data/5241270215.png,址
/toimg/data/5366920169.png,干
/toimg/data/5405095624.png,活
/toimg/data/5504072831.png,裸
/toimg/data/5515430018.png,妹
/toimg/data/5570002531.png,粉
/toimg/data/5794932762.png,巴
/toimg/data/5825662041.png,白
/toimg/data/5865212886.png,里
/toimg/data/5934682064.png,二
/toimg/data/5958823569.png,麻
/toimg/data/6115586454.png,吸
/toimg/data/6146409280.png,粗
/toimg/data/6258129695.png,欲
/toimg/data/6534980771.png,台
/toimg/data/6598183488.png,弹
/toimg/data/6695148880.png,美
/toimg/data/6810021581.png,熟
/toimg/data/6843073930.png,指
/toimg/data/6921916056.png,龟
/toimg/data/6972560942.png,亲
/toimg/data/7071132422.png,湿
/toimg/data/7075168225.png,穴
/toimg/data/7092415778.png,头
/toimg/data/7334347774.png,玉
/toimg/data/7402244018.png,宫
/toimg/data/7450445747.png,挤
/toimg/data/7614763772.png,水
/toimg/data/7615188907.png,天
/toimg/data/7641707176.png,甲
/toimg/data/7666628481.png,学
/toimg/data/7875951963.png,四
/toimg/data/7912251525.png,舔
/toimg/data/7980237169.png,内
/toimg/data/8186728471.png,出
/toimg/data/8242185966.png,动
/toimg/data/8381351178.png,具
/toimg/data/8406787204.png,退
/toimg/data/8431104929.png,舌
/toimg/data/8431794980.png,唇
/toimg/data/8443857439.png,插
/toimg/data/8519707329.png,杀
/toimg/data/8637348340.png,精
/toimg/data/8728327662.png,乳
/toimg/data/8739167787.png,处
/toimg/data/8770568739.png,肉
/toimg/data/8773645769.png,情
/toimg/data/9030340049.png,性
/toimg/data/9065740329.png,射
/toimg/data/9073248466.png,血
/toimg/data/9075956636.png,迷
/toimg/data/9100236271.png,兽
/toimg/data/9131928994.png,硬
/toimg/data/9332720497.png,足
/toimg/data/9350080768.png,下
/toimg/data/9386124353.png,儿
/toimg/data/9440082131.png,生
/toimg/data/9572922210.png,布
